SRVY_YEAR,LANGUAGE,ALL_LEVEL_TOTAL
1958,FRENCH,157732
1958,GERMAN,107755
1958,ITALIAN,9577
1958,OTHER_LANGS,7971
1958,RUSSIAN,16027
1958,SPANISH,126179
1959,FRENCH,195576
1959,GERMAN,130728
1959,ITALIAN,10354
1959,OTHER_LANGS,9433
1959,RUSSIAN,26597
1959,SPANISH,155196
1960,AFRIKAANS,6
1960,AKKADIAN,17
1960,ALBANIAN,8
1960,ALTAIC_LANGS,1
1960,AMHARIC,2
1960,ARABIC,499
1960,ARABIC_EGYPTIAN,24
1960,ARABIC_SYRIAN,10
1960,ARAMAIC,1
1960,ARMENIAN,22
1960,BALTO-SLAVIC_LANGS,5
1960,BANTU_LANGS,4
1960,BENGALI/BANGLA,9
1960,BERBER_LANGS,1
1960,BULGARIAN,23
1960,BURMESE,25
1960,CANTONESE,19
1960,CHINESE,598
1960,CHINESE_CLASSICAL,28
1960,CZECH,96
1960,DANISH,80
1960,DUTCH,130
1960,ESTONIAN,2
1960,EWE,4
1960,FARSI/PERSIAN,62
1960,FILIPINO/PILIPINO/TAGALOG,1
1960,FINNISH,21
1960,FRENCH,229389
1960,GEORGIAN,7
1960,GERMAN,146699
1960,GREEK,606
1960,GREEK_MODERN,139
1960,HAWAI'IAN,50
1960,HEBREW,116
1960,HEBREW_MODERN,3668
1960,HINDI,106
1960,HUNGARIAN,69
1960,ICELANDIC,17
1960,INDONESIAN_MALAY,24
1960,INDONESIA_BAHASA,13
1960,IRISH,4
1960,ITALIAN,11084
1960,JAPANESE,1547
1960,KHALKHA,2
1960,KOREAN,168
1960,LETTISH,2
1960,LITHUANIAN,31
1960,MALAYAN_LANGS,5
1960,MANDARIN,1126
1960,MARATHI,1
1960,MONGOLIAN,10
1960,NEAR_EASTERN_LANGS,15
1960,NORWEGIAN,675
1960,ORIENTAL_LANGS,9
1960,OTHER_LANGS,497
1960,PALI,1
1960,POLISH,541
1960,PORTUGUESE,1018
1960,QUECHUA/KICHWA_LANGS,3
1960,ROMANCE_LANGS,24
1960,ROMANIAN/RUMANIAN,23
1960,RUSSIAN,31067
1960,SCANDINAVIAN_LANGS,14
1960,SERBO-CROATIAN,150
1960,SLAVIC_LANGS,33
1960,SLOVAK,26
1960,SLOVENE/SLOVENIAN,4
1960,SPANISH,179699
1960,SWAHILI/KISWAHILI,22
1960,SWEDISH,607
1960,TAMIL,3
1960,TELUGU,4
1960,THAI,48
1960,TIBETAN,13
1960,TURKISH,79
1960,TWI,2
1960,UGARITIC,5
1960,UKRAINIAN,59
1960,URALIC_LANGS,6
1960,URDU,7
1960,UZBEK,4
1960,VIETNAMESE,38
1960,YIDDISH,13
1960,YORUBA,23
1961,FRENCH,243493
1961,GERMAN,153668
1961,ITALIAN,12265
1961,OTHER_LANGS,15434
1961,RUSSIAN,32653
1961,SPANISH,182993
1963,FRENCH,301800
1963,GERMAN,182924
1963,ITALIAN,16871
1963,OTHER_LANGS,19866
1963,RUSSIAN,33652
1963,SPANISH,245714
1965,AFRICAN_LANGS,46
1965,AFRIKAANS,7
1965,AKKADIAN,23
1965,ALBANIAN,2
1965,AMHARIC,13
1965,ARABIC,911
1965,ARAMAIC,24
1965,ARMENIAN,37
1965,ASSYRIAN,5
1965,BANTU_LANGS,5
1965,BENGALI/BANGLA,18
1965,BULGARIAN,8
1965,CATALAN,3
1965,CAUCASIAN_LANGS,3
1965,CELTIC_LANGS,12
1965,CHINESE,3359
1965,COPTIC,2
1965,CZECH,158
1965,DANISH,93
1965,DUTCH,143
1965,EGYPTIAN,37
1965,ESTONIAN,1
1965,ETHIOPIC,5
1965,FARSI/PERSIAN,113
1965,FILIPINO/PILIPINO/TAGALOG,28
1965,FINNISH,43
1965,FRENCH,371537
1965,GAELIC_SCOTTISH,12
1965,GEORGIAN,4
1965,GERMAN,213787
1965,GREEK_ANCIENT,19484
1965,GREEK_MODERN,217
1965,HAUSA,23
1965,HAWAI'IAN,92
1965,HEBREW,8071
1965,HINDI,144
1965,HINDI-URDU,104
1965,HITTITE,4
1965,HUNGARIAN,74
1965,ICELANDIC,20
1965,INDIC_LANGS,3
1965,INDONESIAN,66
1965,IRISH,2
1965,ITALIAN,22919
1965,JAPANESE,3505
1965,JAVANESE,2
1965,KABYLE,7
1965,KANNADA,3
1965,KOREAN,82
1965,KUMANIAN,1
1965,LATIN,38038
1965,LINGALA,3
1965,LITHUANIAN,30
1965,MALAYALAM,1
1965,MARATHI,1
1965,MONGOLIAN,21
1965,NEPALI,6
1965,NORSE_OLD,13
1965,NORWEGIAN,801
1965,NORWEGIAN_MODERN,85
1965,POLISH,607
1965,PORTUGUESE,3040
1965,PRAKRIT_LANGS,6
1965,QUECHUA/KICHWA_LANGS,8
1965,RUSSIAN,33807
1965,SANSKRIT,160
1965,SCANDINAVIAN_LANGS,495
1965,SEMITIC_LANGS,71
1965,SERBO-CROATIAN,134
1965,SINHALA/SINHALESE/SINGHALESE,1
1965,SLAVIC_LANGS,249
1965,SLAVONIC_OLD_CHURCH,102
1965,SLOVAK,20
1965,SOTHO,3
1965,SPANISH,309634
1965,SUMERIAN,1
1965,SWAHILI/KISWAHILI,130
1965,SWEDISH,682
1965,SYRIAC,30
1965,TAMAZIGHT,7
1965,TAMIL,38
1965,TELUGU,6
1965,THAI,58
1965,TIBETAN,30
1965,TOCHARIAN_LANGS,2
1965,TSWANA,2
1965,TURKIC_LANGS,9
1965,TURKISH,92
1965,TWI,3
1965,UGARITIC,30
1965,UKRAINIAN,59
1965,URALIC_LANGS,4
1965,URDU,17
1965,VIETNAMESE,20
1965,WELSH_EARLY,16
1965,XHOSA,5
1965,YIDDISH,10
1965,YORUBA,17
1968,AFRIKAANS,1
1968,AKKADIAN,83
1968,AMHARIC,7
1968,ANGLO-SAXON,3
1968,ARABIC,918
1968,ARABIC_CLASSICAL,36
1968,ARABIC_EGYPTIAN,2
1968,ARABIC_MODERN_STANDARD,137
1968,ARABIC_MOROCCAN,6
1968,ARAMAIC,161
1968,ARMENIAN,27
1968,ARMENIAN_CLASSICAL,3
1968,ARMENIAN_MODERN,4
1968,ASHANTI-TWI,1
1968,BAMBARA,7
1968,BANTU_LANGS,4
1968,BENGALI/BANGLA,18
1968,BERBER_LANGS,5
1968,BULGARIAN,7
1968,CAMBODIAN,26
1968,CATALAN,14
1968,CEBUANO,1
1968,CELTIC_LANGS,7
1968,CHINESE,5046
1968,COPTIC,5
1968,CZECH,182
1968,DANISH,146
1968,DUTCH,158
1968,EGYPTIAN,31
1968,EGYPTIAN_ANCIENT,8
1968,ELAMITE,1
1968,ESKIMO,16
1968,ESTONIAN,5
1968,EWE,1
1968,FARSI/PERSIAN,181
1968,FILIPINO/PILIPINO/TAGALOG,14
1968,FINNISH,76
1968,FRENCH,386080
1968,GAELIC_SCOTTISH,5
1968,GERMAN,215597
1968,GREEK_ANCIENT,19163
1968,GREEK_MODERN,146
1968,HAUSA,62
1968,HAWAI'IAN,121
1968,HEBREW,6416
1968,HEBREW_BIBLICAL_AND_MODERN,10
1968,HEBREW_CLASSICAL,965
1968,HEBREW_MODERN,2749
1968,HINDI,213
1968,HINDI-URDU,136
1968,HITTITE,3
1968,HUNGARIAN,65
1968,IBO,7
1968,ICELANDIC,7
1968,ICELANDIC_OLD,27
1968,IGBO,27
1968,INDIAN_STUDIES,20
1968,INDIC_LANGS,96
1968,INDONESIAN,95
1968,IRANIAN_LANGS,13
1968,IRISH_OLD,15
1968,ITALIAN,30559
1968,JAPANESE,4322
1968,JAPANESE_CLASSICAL,2
1968,JAVANESE,3
1968,KANNADA,1
1968,KOREAN,70
1968,LATIN,34084
1968,LITHUANIAN,10
1968,LUCHUAN,2
1968,MALAY,5
1968,MALAYAN_LANGS,2
1968,MARATHI,1
1968,MENDE,6
1968,MONGOLIAN,21
1968,NAVAJO,24
1968,NEAR_EASTERN_LANGS,3
1968,NORWEGIAN,1103
1968,ORIENTAL_LANGS,33
1968,PALI,4
1968,PIDGIN,3
1968,POLISH,629
1968,PORTUGUESE,4048
1968,PROVENCAL,8
1968,QUECHUA/KICHWA_LANGS,9
1968,ROMANIAN/RUMANIAN,20
1968,RUSSIAN,41157
1968,SANSKRIT,296
1968,SCANDINAVIAN_LANGS,487
1968,SEMITIC_LANGS,69
1968,SEMITIC_LANGS_ANCIENT,31
1968,SERBO-CROATIAN,209
1968,SHILHA,1
1968,SINHALA/SINHALESE/SINGHALESE,2
1968,SLAVIC_CHURCH,45
1968,SLAVIC_LANGS,325
1968,SLAVONIC_OLD_CHURCH,57
1968,SLOVAK,1
1968,SLOVAK_MODERN,1
1968,SOUTHEAST_ASIAN_LANGS,24
1968,SPANISH,362481
1968,SUMERIAN,5
1968,SUSU,3
1968,SWAHILI/KISWAHILI,608
1968,SWEDISH,1101
1968,SYRIAC,16
1968,TAMIL,23
1968,TELUGU,7
1968,THAI,71
1968,TIBETAN,53
1968,TLINGIT,3
1968,TSWANA,3
1968,TURKIC_LANGS,3
1968,TURKISH,119
1968,TURKISH_OTTOMAN,3
1968,TWI,1
1968,UGARITIC,25
1968,UKRAINIAN,70
1968,URALIC_LANGS,6
1968,URDU,19
1968,UZBEK,9
1968,VIETNAMESE,19
1968,WOLOF,4
1968,XHOSA,10
1968,YIDDISH,109
1968,YOMBA,3
1968,YORUBA,24
1970,FRENCH,358089
1970,GERMAN,201621
1970,GREEK_ANCIENT,16516
1970,ITALIAN,34158
1970,LATIN,28422
1970,OTHER_LANGS,45037
1970,RUSSIAN,36310
1970,SPANISH,386087
1972,FRENCH,255726
1972,GERMAN,155046
1972,GREEK_ANCIENT,20004
1972,ITALIAN,28130
1972,LATIN,23931
1972,OTHER_LANGS,54088
1972,RUSSIAN,35347
1972,SPANISH,282666
1974,AKKADIAN,168
1974,AMHARIC,8
1974,ARABIC,2034
1974,ARAMAIC,371
1974,ARMENIAN,121
1974,ATHABASKAN_LANGS,6
1974,AZTEC_LANGS,5
1974,BAMBARA,2
1974,BASQUE,118
1974,BENGALI/BANGLA,27
1974,BERBER_LANGS,3
1974,BULGARIAN,4
1974,BURMESE,4
1974,CAMBODIAN,4
1974,CANTONESE,46
1974,CHAGATAI,1
1974,CHEROKEE,15
1974,CHINESE,10576
1974,CHOCTAW,14
1974,COPTIC,11
1974,CZECH,337
1974,DAKOTA,37
1974,DANISH,183
1974,DUTCH,456
1974,EGYPTIAN,64
1974,FARSI/PERSIAN,278
1974,FILIPINO/PILIPINO/TAGALOG,325
1974,FINNISH,134
1974,FRENCH,252623
1974,GAELIC_SCOTTISH,9
1974,GEORGIAN,4
1974,GERMAN,151862
1974,GREEK_ANCIENT,24262
1974,GREEK_MODERN,533
1974,HAUSA,46
1974,HAWAI'IAN,555
1974,HEBREW,22293
1974,HINDI,223
1974,HINDI-URDU,161
1974,HITTITE,5
1974,HUNGARIAN,64
1974,IBO,2
1974,ICELANDIC,11
1974,ICELANDIC_OLD,24
1974,ILOCANO/ILOKANO,58
1974,INDIC_LANGS,25
1974,INDONESIAN,121
1974,INUPIC,36
1974,IRANIAN_LANGS,104
1974,IRISH,60
1974,IRISH_OLD,7
1974,ITALIAN,32888
1974,JAPANESE,9604
1974,KOREAN,87
1974,LAKOTA,54
1974,LAOTIAN,2
1974,LATIN,25160
1974,LATVIAN,6
1974,LINGALA,4
1974,LITHUANIAN,2
1974,MALAY,10
1974,MALAYALAM,3
1974,MANDARIN,40
1974,MAORI,18
1974,MARATHI,4
1974,MAYAN_QUICHE,3
1974,MONGOLIAN,3
1974,MUSKOGEE/MASKOKE/CREEK,20
1974,NAVAJO,589
1974,NEPALI,24
1974,NORWEGIAN,1557
1974,OJIBWA/OJIBWAY/OJIBWE,95
1974,PALI,3
1974,PAPAGO,15
1974,POLISH,1123
1974,PORTUGUESE,5072
1974,QUECHUA/KICHWA_LANGS,33
1974,ROMANIAN/RUMANIAN,31
1974,RUSSIAN,32441
1974,SANSKRIT,402
1974,SERBO-CROATIAN,242
1974,SINHALA/SINHALESE/SINGHALESE,6
1974,SIOUX_LANGS,21
1974,SLAVIC_LANGS,36
1974,SLAVIC_OLD_CHURCH,227
1974,SLAVONIC_OLD_CHURCH,31
1974,SLOVAK,14
1974,SLOVENE/SLOVENIAN,22
1974,SPANISH,361189
1974,SUMERIAN,6
1974,SWAHILI/KISWAHILI,1694
1974,SWEDISH,1396
1974,SYRIAC,21
1974,TAMIL,33
1974,TELUGU,5
1974,THAI,71
1974,TIBETAN,61
1974,TLINGIT,15
1974,TONGAN,6
1974,TURKIC_ANCIENT,6
1974,TURKIC_LANGS_MIDDLE,8
1974,TURKISH,156
1974,TWI,20
1974,UGARITIC,49
1974,UKRAINIAN,117
1974,URALIC_LANGS,3
1974,URDU,41
1974,VIETNAMESE,29
1974,WELSH,7
1974,WELSH_EARLY,10
1974,WOLOF,1
1974,XHOSA,5
1974,YIDDISH,1079
1974,YORUBA,87
1974,YUP'IK/YUPIC,24
1974,ZULU,7
1977,AKKADIAN,159
1977,AMHARIC,8
1977,ARABIC,3078
1977,ARAMAIC,365
1977,ARMENIAN,153
1977,BALINESE,1
1977,BAMBARA,7
1977,BASQUE,6
1977,BENGALI/BANGLA,7
1977,BERBER_LANGS,3
1977,BRETON,6
1977,BULGARIAN,5
1977,BURMESE,2
1977,CAMBODIAN,6
1977,CANTONESE,97
1977,CATALAN,10
1977,CELTIC_LANGS,21
1977,CHEROKEE,62
1977,CHINESE,9798
1977,CHOCTAW,26
1977,CHUVASH,3
1977,COPTIC,11
1977,CZECH,176
1977,DAKOTA,95
1977,DANISH,214
1977,DIGUENO,11
1977,DUTCH,540
1977,EGYPTIAN,37
1977,EGYPTIAN_ANCIENT,56
1977,ELAMITE,1
1977,ESPERANTO,42
1977,ESTONIAN,2
1977,FARSI/PERSIAN,599
1977,FILIPINO/PILIPINO/TAGALOG,255
1977,FINNISH,156
1977,FRENCH,245999
1977,FRENCH_CAJUN,26
1977,GAELIC_SCOTTISH,6
1977,GEORGIAN,3
1977,GERMAN,135409
1977,GREEK_ANCIENT,25829
1977,GREEK_MODERN,697
1977,HAUSA,67
1977,HAWAI'IAN,875
1977,HEBREW,19351
1977,HINDI,169
1977,HINDI-URDU,186
1977,HITTITE,7
1977,HOPI,1
1977,HUNGARIAN,109
1977,IBO,7
1977,ICELANDIC,12
1977,ICELANDIC_OLD,24
1977,ILOCANO/ILOKANO,71
1977,INDONESIAN,127
1977,INDONESIAN_MALAY,11
1977,INUPIC,30
1977,IRANIAN_LANGS_ANCIENT,3
1977,IRISH_MODERN,16
1977,IRISH_OLD,1
1977,ITALIAN,33241
1977,JAPANESE,10721
1977,JAVANESE,2
1977,KOREAN,163
1977,KOYUKON,6
1977,LADINO,7
1977,LAKOTA,80
1977,LAOTIAN,1
1977,LATIN,24380
1977,LATVIAN,15
1977,LINGALA,8
1977,LITHUANIAN,37
1977,MACEDONIAN,1
1977,MARATHI,6
1977,MAYAN_YUCATEC,4
1977,MONGOLIAN,10
1977,MONGOLIAN_CLASSICAL,5
1977,NAHUATL_LANGS,1
1977,NAVAJO,455
1977,NEPALI,8
1977,NORWEGIAN,1520
1977,OJIBWA/OJIBWAY/OJIBWE,69
1977,PALI,6
1977,PAPAGO,27
1977,POLISH,1186
1977,PORTUGUESE,4954
1977,PRAKRIT_LANGS,1
1977,PROVENCAL,3
1977,PUNJABI,31
1977,QUECHUA/KICHWA_LANGS,29
1977,ROMANIAN/RUMANIAN,130
1977,RUSSIAN,27877
1977,SAMOAN,98
1977,SANSKRIT,338
1977,SERBO-CROATIAN,241
1977,SINHALA/SINHALESE/SINGHALESE,1
1977,SIOUX_LANGS,25
1977,SLAVIC_OLD_CHURCH,244
1977,SLOVAK,29
1977,SLOVENE/SLOVENIAN,1
1977,SOTHO,1
1977,SPANISH,376781
1977,SUMERIAN,23
1977,SWAHILI/KISWAHILI,2225
1977,SWEDISH,1534
1977,SYRIAC,25
1977,TAMIL,26
1977,TELUGU,12
1977,THAI,83
1977,TIBETAN,66
1977,TLINGIT,17
1977,TURKIC_LANGS_MIDDLE,1
1977,TURKIC_UYGHUR,5
1977,TURKISH,176
1977,TURKISH_MIDDLE,7
1977,TWI,4
1977,UGARITIC,44
1977,UKRAINIAN,133
1977,URALIC_LANGS,4
1977,URDU,26
1977,UZBEK,5
1977,VIETNAMESE,20
1977,WELSH,3
1977,WOLOF,20
1977,XHOSA,4
1977,YIDDISH,1144
1977,YORUBA,37
1977,YUP'IK/YUPIC,15
1977,ZULU,16
1980,AFRIKAANS,5
1980,AKKADIAN,95
1980,ALBANIAN,2
1980,AMHARIC,9
1980,ARABIC,3471
1980,ARAMAIC,142
1980,ARMENIAN,231
1980,ASSYRIAN,2
1980,AYMARA,5
1980,AZERI,5
1980,BALINESE,1
1980,BAMBARA,6
1980,BASQUE,21
1980,BENGALI/BANGLA,18
1980,BULGARIAN,2
1980,BURMESE,1
1980,CAMBODIAN,4
1980,CANTONESE,39
1980,CATALAN,19
1980,CHAGATAI,2
1980,CHEROKEE,29
1980,CHINESE,11366
1980,COPTIC,12
1980,CREOLE_HAITIAN,13
1980,CROW,16
1980,CZECH,151
1980,DAKOTA,99
1980,DANISH,293
1980,DUTCH,500
1980,EGYPTIAN,44
1980,ESTONIAN,4
1980,FARSI/PERSIAN,703
1980,FILIPINO/PILIPINO/TAGALOG,263
1980,FINNISH,152
1980,FON,1
1980,FRENCH,248132
1980,FULANI,3
1980,GAELIC,15
1980,GEORGIAN,5
1980,GERMAN,126963
1980,GREEK,17
1980,GREEK_ANCIENT,22132
1980,GREEK_MODERN,800
1980,HAUSA,70
1980,HAWAI'IAN,610
1980,HEBREW,19286
1980,HINDI,198
1980,HINDI-URDU,76
1980,HITTITE,6
1980,HUNGARIAN,98
1980,IBO,5
1980,ICELANDIC,8
1980,ICELANDIC_OLD,23
1980,ILOCANO/ILOKANO,17
1980,INDONESIAN,113
1980,INDONESIAN_MALAY,14
1980,IRANIAN_LANGS,20
1980,IRISH,13
1980,ITALIAN,34735
1980,JAPANESE,11516
1980,JAVANESE,9
1980,KI-KONGO,1
1980,KOREAN,365
1980,KRIO,24
1980,LAKOTA,67
1980,LAO,2
1980,LATIN,25019
1980,LATVIAN,1
1980,LINGALA,1
1980,LITHUANIAN,47
1980,MALAYALAM,4
1980,MARATHI,6
1980,MENDE,2
1980,MONGOLIAN,13
1980,MONGOLIAN_CLASSICAL,7
1980,NAVAJO,225
1980,NEPALI,6
1980,NORWEGIAN,1616
1980,OJIBWA/OJIBWAY/OJIBWE,84
1980,PALI,24
1980,POLISH,1268
1980,PORTUGUESE,4894
1980,QUECHUA/KICHWA_LANGS,30
1980,ROMANIAN/RUMANIAN,187
1980,RUSSIAN,23982
1980,SAMOAN,18
1980,SANSKRIT,218
1980,SERBO-CROATIAN,182
1980,SHONA,13
1980,SINHALA/SINHALESE/SINGHALESE,2
1980,SLAVONIC_OLD_CHURCH,44
1980,SLOVAK,21
1980,SLOVENE/SLOVENIAN,21
1980,SPANISH,378649
1980,SUMERIAN,15
1980,SWAHILI/KISWAHILI,576
1980,SWEDISH,1575
1980,SYRIAC,50
1980,TAHITIAN,9
1980,TAMIL,25
1980,TATAR,1
1980,TELUGU,9
1980,THAI,80
1980,TIBETAN,56
1980,TLINGIT,5
1980,TONGAN,11
1980,TUAMOTUAN,2
1980,TURKIC_LANGS,22
1980,TURKISH,147
1980,TURKISH_OTTOMAN,5
1980,TUVIN,3
1980,UGARITIC,22
1980,UKRAINIAN,111
1980,URDU,23
1980,UZBEK,12
1980,VEDIC,1
1980,VIETNAMESE,74
1980,WELSH,8
1980,WOLOF,51
1980,XHOSA,1
1980,YIDDISH,944
1980,YORUBA,127
1980,YUP'IK/YUPIC,85
1980,ZULU,41
1983,AKKADIAN,99
1983,ALBANIAN,10
1983,AMHARIC,3
1983,APACHE,21
1983,ARABIC,3441
1983,ARAMAIC,153
1983,ARMENIAN,144
1983,ATHABASKAN_LANGS,53
1983,AZERI,2
1983,BAMBARA,8
1983,BASQUE,7
1983,BENGALI/BANGLA,6
1983,BLACKFEET,10
1983,BULGARIAN,7
1983,BURMESE,4
1983,CAMBODIAN,3
1983,CANTONESE,58
1983,CATALAN,11
1983,CEBUANO,2
1983,CHAGATAI,6
1983,CHEROKEE,53
1983,CHEYENNE,17
1983,CHINESE,13178
1983,CHIPPEWA/CREE,58
1983,COPTIC,7
1983,CREOLE_HAITIAN,17
1983,CROW,14
1983,CUYONON,1
1983,CZECH,134
1983,DAKOTA/LAKOTA,346
1983,DANISH,199
1983,DUTCH,347
1983,EGYPTIAN,33
1983,ESTONIAN,1
1983,FARSI/PERSIAN,469
1983,FILIPINO/PILIPINO/TAGALOG,181
1983,FINNISH,95
1983,FRENCH,269787
1983,GAELIC_SCOTTISH,7
1983,GEORGIAN,3
1983,GERMAN,128029
1983,GREEK_ANCIENT,19286
1983,GREEK_MODERN,979
1983,GUARANI,4
1983,GUJARATI,8
1983,HAUSA,27
1983,HAWAI'IAN,495
1983,HEBREW,18099
1983,HINDI,219
1983,HINDI-URDU,87
1983,HITTITE,2
1983,HOPI,11
1983,HUALAPAI,10
1983,HUNGARIAN,127
1983,IBO,4
1983,ICELANDIC_OLD,17
1983,ILOCANO/ILOKANO,27
1983,INDONESIAN,85
1983,INDONESIAN_MALAY,20
1983,INUPIAQ,40
1983,IRANIAN_LANGS,18
1983,IRISH,66
1983,IRISH_OLD,10
1983,ITALIAN,38620
1983,JAPANESE,16126
1983,JAVANESE,2
1983,KABYLE,2
1983,KANNADA,4
1983,KIRUNDI,2
1983,KOOTENAI,16
1983,KOREAN,660
1983,LAO,2
1983,LATIN,24199
1983,LATVIAN,29
1983,LINGALA,6
1983,LITHUANIAN,17
1983,MANCHURIAN,5
1983,MANDINKA,1
1983,MAORI,1
1983,MARATHI,1
1983,MONGOLIAN,34
1983,NAVAJO,1024
1983,NEPALI,17
1983,NORWEGIAN,1321
1983,OJIBWA/OJIBWAY/OJIBWE,185
1983,OMAHA,9
1983,ONEIDA,20
1983,PALI,7
1983,PAPAGO,9
1983,POLISH,1067
1983,PORTUGUESE,4397
1983,QUECHUA/KICHWA_LANGS,16
1983,ROMANIAN/RUMANIAN,140
1983,RUSSIAN,30159
1983,SALISH,15
1983,SAMOAN,20
1983,SANSKRIT,284
1983,SERBO-CROATIAN,194
1983,SHONA,11
1983,SINDHI,1
1983,SINHALA/SINHALESE/SINGHALESE,1
1983,SLAVIC_OLD_CHURCH,28
1983,SLOVAK,20
1983,SLOVENE/SLOVENIAN,1
1983,SOMALI,1
1983,SPANISH,385855
1983,SUMERIAN,7
1983,SWAHILI/KISWAHILI,582
1983,SWEDISH,1281
1983,SYRIAC,36
1983,TAHITIAN,9
1983,TAMIL,28
1983,TELUGU,10
1983,THAI,105
1983,TIBETAN,139
1983,TLINGIT,19
1983,TURKISH,161
1983,TURKISH_OTTOMAN,1
1983,UGARITIC,37
1983,UKRAINIAN,78
1983,URDU,45
1983,UZBEK,14
1983,VIETNAMESE,85
1983,WELSH,15
1983,WINNEBAGO,3
1983,YIDDISH,471
1983,YORUBA,93
1983,YUP'IK/YUPIC,194
1983,ZULU,23
1986,AFRIKAANS,7
1986,AKKADIAN,51
1986,ALBANIAN,2
1986,ALEUT,56
1986,ALTAI,4
1986,ARABIC,3417
1986,ARAMAIC,109
1986,ARAPAHOE,15
1986,ARMENIAN,153
1986,ATHABASKAN_LANGS,23
1986,BAMBARA,20
1986,BASQUE,14
1986,BENGALI/BANGLA,23
1986,BERBER_LANGS,1
1986,BLACKFEET,36
1986,BULGARIAN,19
1986,BURMESE,5
1986,CANTONESE,111
1986,CATALAN,26
1986,CHEROKEE,22
1986,CHINESE,16891
1986,COPTIC,5
1986,CREOLE_HAITIAN,15
1986,CROW,14
1986,CZECH,193
1986,DAKOTA/LAKOTA,168
1986,DANISH,315
1986,DUTCH,431
1986,EGYPTIAN,94
1986,ESTONIAN,7
1986,FANG,1
1986,FARSI/PERSIAN,306
1986,FILIPINO/PILIPINO/TAGALOG,220
1986,FINNISH,134
1986,FRENCH,275041
1986,GEORGIAN,1
1986,GERMAN,120898
1986,GREEK_ANCIENT,17794
1986,GREEK_MODERN,980
1986,GUARANI,4
1986,HAUSA,60
1986,HAWAI'IAN,441
1986,HEBREW,142
1986,HEBREW_BIBLICAL,15357
1986,HEBREW_MODERN,170
1986,HINDI,300
1986,HINDI-URDU,101
1986,HITTITE,3
1986,HUNGARIAN,140
1986,ICELANDIC,2
1986,ICELANDIC_OLD,59
1986,ILOCANO/ILOKANO,28
1986,INDONESIAN,156
1986,INUPIAQ,32
1986,IRANIAN_LANGS,19
1986,IRISH,20
1986,IRISH_OLD,71
1986,ITALIAN,40904
1986,JAPANESE,23454
1986,KHMER,2
1986,KIRGIZ/KYRGYZ,1
1986,KOREAN,875
1986,KUTENAI,11
1986,LAO,3
1986,LATIN,25038
1986,LATVIAN,154
1986,LINGALA,4
1986,LITHUANIAN,68
1986,MONGOLIAN,14
1986,NAVAJO,275
1986,NEPALI,32
1986,NORWEGIAN,1031
1986,OJIBWA/OJIBWAY/OJIBWE,184
1986,POLISH,963
1986,PORTUGUESE,5071
1986,PUNJABI,1
1986,QUECHUA/KICHWA_LANGS,18
1986,ROMANIAN/RUMANIAN,105
1986,RUSSIAN,33940
1986,SALISH,11
1986,SAMOAN,56
1986,SANSKRIT,250
1986,SERBO-CROATIAN,243
1986,SHILLUK,1
1986,SHONA,40
1986,SINHALA/SINHALESE/SINGHALESE,6
1986,SLAVIC_OLD_CHURCH,106
1986,SLOVAK,32
1986,SLOVENE/SLOVENIAN,22
1986,SPANISH,411146
1986,SUMERIAN,26
1986,SWAHILI/KISWAHILI,973
1986,SWEDISH,1363
1986,SYRIAC,30
1986,TAHITIAN,10
1986,TAJIK,2
1986,TAMIL,36
1986,TELUGU,12
1986,THAI,108
1986,TIBETAN,50
1986,TONGA,16
1986,TSWANA,1
1986,TURKISH,259
1986,TURKISH_OTTOMAN,2
1986,TURKMEN/TURKMAN,1
1986,UGARITIC,32
1986,UKRAINIAN,107
1986,URDU,49
1986,UYGHUR,1
1986,UZBEK,24
1986,VIETNAMESE,175
1986,WOLOF,76
1986,YIDDISH,431
1986,YORUBA,107
1986,YUP'IK/YUPIC,96
1986,ZULU,38
1990,AFRIKAANS,29
1990,AKKADIAN,84
1990,ALBANIAN,3
1990,AMERICAN_SIGN_LANGUAGE_(ASL),1602
1990,AMHARIC,2
1990,APACHE,20
1990,ARABIC,3683
1990,ARAMAIC,332
1990,ARAPAHOE,15
1990,ARMENIAN,255
1990,ATHABASKAN_LANGS,10
1990,BAMBARA,30
1990,BASQUE,10
1990,BENGALI/BANGLA,25
1990,BERBER_LANGS,1
1990,BLACKFEET,34
1990,BULGARIAN,35
1990,BURMESE,2
1990,CAMBODIAN,6
1990,CANTONESE,83
1990,CATALAN,29
1990,CHAMORRO,3
1990,CHEROKEE,57
1990,CHINESE,19427
1990,CHIPPEWA,59
1990,CHOCTAW,8
1990,COPTIC,6
1990,CREOLE_HAITIAN,15
1990,CROW,21
1990,CZECH,230
1990,DAKOTA/LAKOTA,159
1990,DANISH,304
1990,DUTCH,507
1990,EGYPTIAN,80
1990,EGYPTIAN_MIDDLE,22
1990,ESTONIAN,2
1990,FARSI/PERSIAN,380
1990,FILIPINO/PILIPINO/TAGALOG,342
1990,FINNISH,96
1990,FRENCH,273019
1990,FULA,1
1990,GEORGIAN,7
1990,GERMAN,133594
1990,GREEK_ANCIENT,16414
1990,GREEK_MODERN,835
1990,HAUSA,132
1990,HAWAI'IAN,913
1990,HEBREW_BIBLICAL,5695
1990,HEBREW_MODERN,7271
1990,HINDI,306
1990,HINDI-URDU,125
1990,HITTITE,2
1990,HMONG,13
1990,HUNGARIAN,115
1990,ICELANDIC,4
1990,ICELANDIC_OLD,44
1990,ILOCANO/ILOKANO,72
1990,INDONESIAN,222
1990,INUPIAQ,48
1990,IRANIAN_LANGS,141
1990,IRISH,58
1990,IRISH_OLD,63
1990,ITALIAN,49789
1990,JAPANESE,45801
1990,KHMER,5
1990,KOREAN,2375
1990,KUTENAI,29
1990,LAO,1
1990,LATIN,28178
1990,LINGALA,16
1990,LITHUANIAN,45
1990,MALAYALAM,13
1990,MANCHU,4
1990,MANDINGO,1
1990,MONGOLIAN,103
1990,MONGOLIAN_CLASSICAL,2
1990,NAHUATL_LANGS,12
1990,NAVAJO,186
1990,NEPALI,21
1990,NORWEGIAN,845
1990,NYANJA,11
1990,OJIBWA/OJIBWAY/OJIBWE,233
1990,PALI,3
1990,POLISH,888
1990,PORTUGUESE,6118
1990,PUNJABI,8
1990,QUECHUA/KICHWA_LANGS,45
1990,ROMANIAN/RUMANIAN,87
1990,ROMANI_LANGS,8
1990,RUSSIAN,44429
1990,SALISH,36
1990,SAMOAN,69
1990,SANSKRIT,251
1990,SERBO-CROATIAN,220
1990,SHONA,8
1990,SINDHI,1
1990,SINHALA/SINHALESE/SINGHALESE,1
1990,SLAVIC_OLD_CHURCH,61
1990,SLOVAK,52
1990,SLOVENE/SLOVENIAN,4
1990,SPANISH,533915
1990,SUMERIAN,10
1990,SWAHILI/KISWAHILI,1209
1990,SWEDISH,1051
1990,TAHITIAN,5
1990,TAMIL,35
1990,TELUGU,9
1990,THAI,192
1990,TIBETAN,75
1990,TOHONO_O'ODHAM,5
1990,TURKIC_LANGS,15
1990,TURKISH,172
1990,TURKISH_OTTOMAN,4
1990,UGARITIC,32
1990,UKRAINIAN,69
1990,URDU,90
1990,UYGHUR,2
1990,UZBEK,27
1990,VIETNAMESE,327
1990,WELSH,10
1990,WOLOF,45
1990,YIDDISH,347
1990,YORUBA,134
1990,YUP'IK/YUPIC,125
1990,ZULU,63
1995,AFRIKAANS,17
1995,AKKADIAN,98
1995,AMERICAN_SIGN_LANGUAGE_(ASL),4304
1995,AMHARIC,4
1995,APACHE,84
1995,ARABIC,4444
1995,ARAMAIC,196
1995,ARAPAHOE,9
1995,ARMENIAN,217
1995,ASSINIBOINE,5
1995,ATHABASKAN_LANGS,13
1995,BAMBARA,14
1995,BASQUE,20
1995,BEMBA,1
1995,BENGALI/BANGLA,49
1995,BLACKFEET,53
1995,BULGARIAN,11
1995,BURMESE,32
1995,CANTONESE,33
1995,CATALAN,39
1995,CHEROKEE,73
1995,CHEYENNE_NORTHERN,10
1995,CHINESE,26471
1995,COPTIC,10
1995,CREE,8
1995,CREOLE_HAITIAN,117
1995,CROATIAN,11
1995,CROW,38
1995,CZECH,266
1995,DAKOTA/LAKOTA,476
1995,DANISH,126
1995,DUTCH,364
1995,EGYPTIAN,55
1995,EGYPTIAN_MIDDLE,1
1995,ESTONIAN,7
1995,ETHIOPIC,8
1995,FARSI/PERSIAN,469
1995,FILIPINO/PILIPINO/TAGALOG,680
1995,FINNISH,92
1995,FRENCH,205297
1995,GAELIC_SCOTTISH,45
1995,GEORGIAN,2
1995,GERMAN,96248
1995,GREEK_ANCIENT,16272
1995,GREEK_MODERN,538
1995,HAUSA,53
1995,HAWAI'IAN,1890
1995,HEBREW_BIBLICAL,5604
1995,HEBREW_CLASSICAL,44
1995,HEBREW_MODERN,7479
1995,HINDI,694
1995,HINDI-URDU,263
1995,HITTITE,16
1995,HMONG,170
1995,HUNGARIAN,79
1995,ICELANDIC_OLD,4
1995,ILOCANO/ILOKANO,146
1995,INDONESIAN,256
1995,IRANIAN_LANGS,172
1995,IRISH,89
1995,IRISH_OLD,44
1995,ITALIAN,43735
1995,JAPANESE,44711
1995,JAPANESE_CLASSICAL,14
1995,KAZAKH/QAZAQ,5
1995,KHMER,21
1995,KOREAN,3343
1995,KUTENAI,10
1995,LAO,3
1995,LATIN,25897
1995,LATVIAN,11
1995,LINGALA,28
1995,LITHUANIAN,41
1995,MALAY,1
1995,MALAYALAM,30
1995,MANCHU,3
1995,MANDINGO,2
1995,MAORI,35
1995,MARATHI,2
1995,MAYAN,1
1995,MONGOLIAN,10
1995,NAVAJO,832
1995,NDEBELE_ZIMBABWE,4
1995,NEPALI,23
1995,NORWEGIAN,624
1995,NYANJA,1
1995,OJIBWA/OJIBWAY/OJIBWE,321
1995,OMAHA,4
1995,PALI,14
1995,PIMA,21
1995,POLISH,802
1995,PORTUGUESE,6531
1995,PUNJABI,42
1995,QUECHUA/KICHWA_LANGS,54
1995,ROMANIAN/RUMANIAN,75
1995,RUSSIAN,24729
1995,SALISH,59
1995,SAMOAN,179
1995,SANSKRIT,377
1995,SERBIAN,97
1995,SERBO-CROATIAN,130
1995,SHONA,40
1995,SHOSHONI,8
1995,SINHALA/SINHALESE/SINGHALESE,1
1995,SLAVIC_OLD_CHURCH,60
1995,SLOVAK,19
1995,SPANISH,606182
1995,SUMERIAN,25
1995,SWAHILI/KISWAHILI,1209
1995,SWEDISH,726
1995,SYRIAC,19
1995,TABLA,7
1995,TAHITIAN,15
1995,TAJIK,1
1995,TAMIL,55
1995,TELUGU,9
1995,THAI,278
1995,TIBETAN,67
1995,TIBETAN_CLASSICAL,6
1995,TOHONO_O'ODHAM,39
1995,TONGA,35
1995,TSWANA,19
1995,TURKIC_LANGS,225
1995,TURKISH,167
1995,TURKISH_OTTOMAN,2
1995,TWI,35
1995,UGARITIC,19
1995,UKRAINIAN,84
1995,URDU,88
1995,UZBEK,12
1995,VIETNAMESE,1010
1995,WELSH,17
1995,WINNEBAGO,6
1995,WOLOF,56
1995,YIDDISH,656
1995,YORUBA,108
1995,YUP'IK/YUPIC,51
1995,ZULU,54
1998,AFRIKAANS,72
1998,AKAN,13
1998,AKKADIAN,102
1998,ALBANIAN,1
1998,ALUTIIQ,1
1998,AMERICAN_SIGN_LANGUAGE_(ASL),11420
1998,AMHARIC,7
1998,ARABIC,5505
1998,ARAMAIC,1130
1998,ARAPAHOE,4
1998,ARMENIAN,325
1998,ASSINIBOINE,5
1998,ASSYRO-BABYLONIAN,4
1998,ATHABASKAN_LANGS,10
1998,AYMARA,2
1998,BAMBARA,28
1998,BASQUE,5
1998,BEMBA,1
1998,BENGALI/BANGLA,35
1998,BLACKFEET,40
1998,BULGARIAN,11
1998,BURMESE,34
1998,CANTONESE,39
1998,CATALAN,9
1998,CHAGATAI,2
1998,CHEROKEE,175
1998,CHICHEWA,2
1998,CHINESE,28456
1998,CHINESE_CLASSICAL,32
1998,CHOCTAW,83
1998,COPTIC,3
1998,CREE,1
1998,CREOLE_HAITIAN,124
1998,CROATIAN,1
1998,CROW,9
1998,CZECH,194
1998,DAKOTA/LAKOTA,334
1998,DANISH,151
1998,DEG_XINAG,7
1998,DUTCH,288
1998,EGYPTIAN,52
1998,ESKIMO,46
1998,ESTONIAN,8
1998,ETHIOPIC,3
1998,FARSI/PERSIAN,614
1998,FILIPINO/PILIPINO/TAGALOG,794
1998,FINNISH,114
1998,FRENCH,199024
1998,GAELIC_SCOTTISH,50
1998,GALICIAN,6
1998,GEORGIAN,1
1998,GERMAN,88973
1998,GREEK_ANCIENT,16381
1998,GREEK_MODERN,646
1998,GUJARATI,33
1998,GWICH'IN,2
1998,HAUSA,43
1998,HAWAI'IAN,2007
1998,HEBREW_BIBLICAL,9073
1998,HEBREW_CLASSICAL,26
1998,HEBREW_MODERN,6734
1998,HINDI,831
1998,HINDI-URDU,448
1998,HITTITE,8
1998,HMONG,15
1998,HUNGARIAN,58
1998,ICELANDIC,2
1998,ILOCANO/ILOKANO,171
1998,INDONESIAN,223
1998,INUPIAQ,22
1998,IRANIAN_LANGS,80
1998,IRISH,278
1998,IRISH_OLD,48
1998,ITALIAN,49257
1998,JAPANESE,43141
1998,KANNADA,2
1998,KAZAKH/QAZAQ,1
1998,KHMER,14
1998,KIOWA,49
1998,KOREAN,4479
1998,KOYUKON,7
1998,LATIN,26145
1998,LATVIAN,12
1998,LINGALA,35
1998,LITHUANIAN,51
1998,LUGANDA,9
1998,MACEDONIAN,5
1998,MALAY,2
1998,MALAYALAM,28
1998,MANCHU,7
1998,MAORI,18
1998,MARATHI,6
1998,MENOMINEE,13
1998,MERU,1
1998,MOHAWK,16
1998,MONGOLIAN,6
1998,MUSKOGEE/MASKOKE/CREEK,85
1998,NAHUATL_LANGS,1
1998,NAVAJO,297
1998,NDEBELE_ZIMBABWE,7
1998,NEPALI,100
1998,NETHERLANDIC,30
1998,NORSE,5
1998,NORWEGIAN,785
1998,OJIBWA/OJIBWAY/OJIBWE,251
1998,OMAHA,19
1998,PALI,1
1998,PIMA,11
1998,POLISH,772
1998,PORTUGUESE,6926
1998,PUNJABI,32
1998,QUECHUA/KICHWA_LANGS,58
1998,ROMANIAN/RUMANIAN,92
1998,RUSSIAN,23791
1998,SAHAPTIN_LANGS,10
1998,SAMOAN,207
1998,SANSKRIT,363
1998,SERBIAN,37
1998,SERBO-CROATIAN,154
1998,SETSWANA,19
1998,SHONA,7
1998,SHOSHONI,8
1998,SINHALA/SINHALESE/SINGHALESE,1
1998,SLAVIC_OLD_CHURCH,30
1998,SLOVAK,25
1998,SPANISH,648845
1998,SUMERIAN,13
1998,SWAHILI/KISWAHILI,1241
1998,SWEDISH,684
1998,SYRIAC,41
1998,TAHITIAN,19
1998,TAMIL,45
1998,TELUGU,11
1998,THAI,272
1998,TIBETAN,80
1998,TLINGIT,17
1998,TOHONO_O'ODHAM,32
1998,TONGA,33
1998,TURKIC_LANGS,15
1998,TURKISH,218
1998,TWI,34
1998,UGARITIC,33
1998,UKRAINIAN,40
1998,URDU,35
1998,UYGHUR,2
1998,UZBEK,4
1998,VIETNAMESE,899
1998,WELSH,17
1998,WOLOF,43
1998,YAQUI,12
1998,YIDDISH,338
1998,YORUBA,69
1998,YUP'IK/YUPIC,55
1998,ZULU,68
2002,AFRIKAANS,13
2002,AKAN,5
2002,AKKADIAN,95
2002,ALBANIAN,10
2002,ALUTIIQ,10
2002,AMERICAN_SIGN_LANGUAGE_(ASL),60781
2002,AMHARIC,15
2002,ANISHINABE,24
2002,APACHE,20
2002,ARABIC,10573
2002,ARAMAIC,1686
2002,ARAPAHOE,112
2002,ARMENIAN,607
2002,ASSINIBOINE,12
2002,ASSYRO-BABYLONIAN,0
2002,ATHABASKAN_LANGS,14
2002,AYMARA,0
2002,BAMBARA,11
2002,BASQUE,49
2002,BEMBA,0
2002,BENGALI/BANGLA,54
2002,BLACKFEET,41
2002,BULGARIAN,20
2002,BURMESE,49
2002,CAMBODIAN,5
2002,CANTONESE,180
2002,CATALAN,35
2002,CEBUANO,7
2002,CHAGATAI,0
2002,CHAMORRO,11
2002,CHEROKEE,118
2002,CHICHEWA,2
2002,CHINESE,34153
2002,CHINESE_CLASSICAL,74
2002,CHOCTAW,63
2002,COPTIC,11
2002,CREE,0
2002,CREOLE_HAITIAN,128
2002,CROATIAN,3
2002,CROW,55
2002,CZECH,321
2002,DAKOTA/LAKOTA,610
2002,DANISH,191
2002,DARI/AFGHAN_PERSIAN,41
2002,DEG_XINAG,9
2002,DUTCH,375
2002,EGYPTIAN,47
2002,ESKIMO,99
2002,ESTONIAN,16
2002,ETHIOPIC,0
2002,FARSI/PERSIAN,1202
2002,FILIPINO/PILIPINO/TAGALOG,1142
2002,FINNISH,162
2002,FRENCH,201873
2002,FULA,1
2002,GAELIC_SCOTTISH,4
2002,GALICIAN,5
2002,GEORGIAN,2
2002,GERMAN,91080
2002,GIKUYU/KIKUYU,2
2002,GREEK_ANCIENT,20376
2002,GREEK_MODERN,804
2002,GUJARATI,20
2002,GWICH'IN,18
2002,HAUSA,40
2002,HAWAI'IAN,1687
2002,HEBREW_BIBLICAL,14155
2002,HEBREW_CLASSICAL,28
2002,HEBREW_MODERN,8619
2002,HINDI,1430
2002,HINDI-URDU,427
2002,HITTITE,1
2002,HMONG,283
2002,HUNGARIAN,102
2002,ICELANDIC,12
2002,IGBO,9
2002,ILOCANO/ILOKANO,91
2002,INDONESIAN,225
2002,INUPIAQ,51
2002,IRANIAN_LANGS,102
2002,IRISH,318
2002,IRISH_MODERN,8
2002,IRISH_OLD,3
2002,ITALIAN,63844
2002,JAPANESE,52238
2002,JAPANESE_CLASSICAL,19
2002,KANNADA,2
2002,KAZAKH/QAZAQ,16
2002,KHMER,20
2002,KIOWA,77
2002,KOREAN,5211
2002,KOYUKON,6
2002,KUTENAI,20
2002,LATIN,29841
2002,LATVIAN,8
2002,LINGALA,79
2002,LITHUANIAN,59
2002,LUGANDA,13
2002,MACEDONIAN,3
2002,MALAY,4
2002,MALAYALAM,20
2002,MANCHU,0
2002,MANDINGO,1
2002,MAORI,25
2002,MARATHI,2
2002,MENOMINEE,13
2002,MERU,0
2002,MOHAWK,29
2002,MONGOLIAN,35
2002,MUSKOGEE/MASKOKE/CREEK,132
2002,NAHUATL_LANGS,0
2002,NAVAJO,783
2002,NDEBELE_ZIMBABWE,0
2002,NEPALI,11
2002,NEZ_PERCE,9
2002,NORSE,11
2002,NORWEGIAN,777
2002,OJIBWA/OJIBWAY/OJIBWE,270
2002,OMAHA,0
2002,OROMO,1
2002,PALI,11
2002,PASHTO,14
2002,PIMA,9
2002,POLISH,1053
2002,PORTUGUESE,8385
2002,PUNJABI,99
2002,QUECHUA/KICHWA_LANGS,51
2002,ROMANIAN/RUMANIAN,126
2002,RUSSIAN,23921
2002,SAHAPTIN_LANGS,0
2002,SALISH,56
2002,SAMOAN,201
2002,SANSKRIT,487
2002,SERBIAN,36
2002,SERBO-CROATIAN,342
2002,SETSWANA,10
2002,SHONA,4
2002,SHOSHONI,16
2002,SINHALA/SINHALESE/SINGHALESE,1
2002,SLAVIC_OLD_CHURCH,9
2002,SLOVAK,36
2002,SPANISH,744770
2002,SUMERIAN,22
2002,SWAHILI/KISWAHILI,1593
2002,SWATI,2
2002,SWEDISH,736
2002,SYRIAC,31
2002,TAHITIAN,20
2002,TAIWANESE,47
2002,TAMIL,114
2002,TELUGU,3
2002,THAI,330
2002,TIBETAN,78
2002,TIBETAN_CLASSICAL,28
2002,TLINGIT,108
2002,TOHONO_O'ODHAM,49
2002,TONGA,43
2002,TURKIC_LANGS,21
2002,TURKISH,314
2002,TWI,79
2002,UGARITIC,14
2002,UKRAINIAN,126
2002,URDU,152
2002,UYGHUR,0
2002,UZBEK,23
2002,VIETNAMESE,2236
2002,WELSH,32
2002,WELSH_EARLY,6
2002,WOLOF,74
2002,XHOSA,34
2002,YAQUI,0
2002,YIDDISH,438
2002,YORUBA,76
2002,YUP'IK/YUPIC,10
2002,ZULU,72
2006,A'ANI_NIN/GROS_VENTRE,20
2006,AFRIKAANS,25
2006,AKAN,8
2006,AKKADIAN,96
2006,AMERICAN_SIGN_LANGUAGE_(ASL),79730
2006,AMHARIC,16
2006,ANISHINABE,244
2006,APACHE,21
2006,ARABIC,23987
2006,ARABIC_CLASSICAL,4
2006,ARABIC_QUR'ANIC,19
2006,ARAMAIC,2556
2006,ARAMAIC_RABBINIC/TALMUDIC/TARGUMIC,8
2006,ARAPAHOE,35
2006,ARMENIAN,774
2006,ARMENIAN_EASTERN,91
2006,ARMENIAN_WESTERN,17
2006,ASSINIBOINE,0
2006,BAMBARA,46
2006,BASQUE,5
2006,BENGALI/BANGLA,92
2006,BLACKFEET,83
2006,BOSNIAN,8
2006,BOSNIAN/CROATIAN/SERBIAN,26
2006,BULGARIAN,59
2006,BURMESE,35
2006,CAMBODIAN,29
2006,CANTONESE,178
2006,CATALAN,64
2006,CELTIC_LANGS,38
2006,CHAGATAI,0
2006,CHAMORRO,15
2006,CHEROKEE,306
2006,CHEYENNE,34
2006,CHEYENNE_NORTHERN,22
2006,CHINESE,51382
2006,CHINESE_CLASSICAL,108
2006,CHINOOK_WA_WA,0
2006,CHOCTAW,168
2006,COMANCHE,16
2006,COPTIC,28
2006,CREE,10
2006,CREOLE_CAPE_VERDEAN,30
2006,CREOLE_HAITIAN,171
2006,CROATIAN,24
2006,CROW,79
2006,CZECH,329
2006,DAKOTA/LAKOTA,625
2006,DANISH,155
2006,DARI/AFGHAN_PERSIAN,104
2006,DUTCH,445
2006,EGYPTIAN,56
2006,EGYPTIAN_MIDDLE,30
2006,ESTONIAN,12
2006,ETHIOPIC,1
2006,EVENKI,1
2006,FARSI/PERSIAN,2282
2006,FILIPINO/PILIPINO/TAGALOG,1569
2006,FINNISH,150
2006,FRENCH,205973
2006,GAELIC,10
2006,GAELIC_SCOTTISH,13
2006,GEORGIAN,8
2006,GERMAN,94128
2006,GERMAN_MIDDLE_HIGH,9
2006,GERMAN_THEOLOGICAL,1
2006,GIKUYU/KIKUYU,3
2006,GREEK_ANCIENT,22827
2006,GREEK_BIBLICAL,15
2006,GREEK_MODERN,1323
2006,GUJARATI,18
2006,GWICH'IN,11
2006,HAIDA,4
2006,HAUSA,54
2006,HAWAI'IAN,1654
2006,HEBREW_BIBLICAL,14109
2006,HEBREW_BIBLICAL_AND_MODERN,10
2006,HEBREW_CLASSICAL,28
2006,HEBREW_MODERN,9620
2006,HIDATSA,15
2006,HINDI,1962
2006,HINDI-URDU,393
2006,HMONG,402
2006,HUNGARIAN,238
2006,ICELANDIC,4
2006,ICELANDIC_OLD,3
2006,IGBO,2
2006,ILOCANO/ILOKANO,79
2006,INDONESIAN,301
2006,INUPIAQ,109
2006,IRANIAN_LANGS,16
2006,IRANIAN_LANGS_OLD,3
2006,IRISH,372
2006,IRISH_MODERN,15
2006,IRISH_OLD,7
2006,ITALIAN,78129
2006,JAPANESE,65410
2006,JAPANESE_CLASSICAL,30
2006,KANA,3
2006,KANNADA,2
2006,KAZAKH/QAZAQ,8
2006,KHMER,47
2006,KIOWA,82
2006,KOREAN,7146
2006,KURDISH,5
2006,KURMANJI,10
2006,KUTENAI,10
2006,LADINO,1
2006,LAKOTA,19
2006,LATIN,32164
2006,LATIN_MEDIEVAL,5
2006,LATVIAN,11
2006,LINGALA,58
2006,LITHUANIAN,14
2006,LUISENO,52
2006,LUSHOOTSEED,4
2006,MACEDONIAN,29
2006,MALAY,5
2006,MALAYALAM,19
2006,MALISEET_WABANAKI,16
2006,MANCHU,9
2006,MANDINGO,0
2006,MAORI,27
2006,MARATHI,2
2006,MARSHALLESE,2
2006,MAYAN,58
2006,MAYAN_KAQCHIKEL,4
2006,MENOMINEE,20
2006,MOHAWK,29
2006,MONGOLIAN,5
2006,MONGOLIAN_CLASSICAL,0
2006,MUSKOGEE/MASKOKE/CREEK,179
2006,NAKODA,20
2006,NAKONA,3
2006,NAVAJO,649
2006,NEPALI,28
2006,NEZ_PERCE,15
2006,NORSE,21
2006,NORWEGIAN,782
2006,NSELXCIN_(OKANOGAN_AND_NESPELEM),10
2006,OJIBWA/OJIBWAY/OJIBWE,633
2006,OMAHA,13
2006,ONEIDA,23
2006,PALI,2
2006,PASHTO,103
2006,PENNSYLVANIA_DUTCH,3
2006,PIMA,16
2006,POLISH,1381
2006,PORTUGUESE,10310
2006,PULAAR,1
2006,PUNJABI,105
2006,QUECHUA/KICHWA_LANGS,55
2006,ROMANIAN/RUMANIAN,134
2006,ROMANI_LANGS,1
2006,RUSSIAN,24784
2006,SAHAPTIN_LANGS,18
2006,SALISH,62
2006,SAMOAN,280
2006,SANSKRIT,616
2006,SANSKRIT_VEDIC,5
2006,SCANDINAVIAN_LANGS,37
2006,SERBIAN,16
2006,SERBO-CROATIAN,277
2006,SETSWANA,0
2006,SHOSHONI,30
2006,SINHALA/SINHALESE/SINGHALESE,4
2006,SLAVIC_OLD_CHURCH,133
2006,SLOVAK,34
2006,SLOVENE/SLOVENIAN,1
2006,SOMALI,4
2006,SORANI,15
2006,SPANISH,821783
2006,SPANISH_PASTORAL,15
2006,SUMERIAN,10
2006,SWAHILI/KISWAHILI,2173
2006,SWEDISH,722
2006,SYRIAC,39
2006,TAHITIAN,17
2006,TAIWANESE,21
2006,TAMIL,113
2006,TELUGU,17
2006,THAI,307
2006,TIBETAN,120
2006,TIBETAN_CLASSICAL,44
2006,TLINGIT,32
2006,TOHONO_O'ODHAM,28
2006,TONGA,75
2006,TURKIC_LANGS,29
2006,TURKISH,624
2006,TURKISH_OLD_ANATOLIAN,2
2006,TURKISH_OTTOMAN,7
2006,TWI,36
2006,UGARITIC,46
2006,UKRAINIAN,103
2006,URDU,349
2006,UYGHUR,4
2006,UZBEK,45
2006,VIETNAMESE,2485
2006,WELSH,83
2006,WOLOF,122
2006,XHOSA,4
2006,XWLEMI_(LUMMI),3
2006,YIDDISH,976
2006,YORUBA,265
2006,YUP'IK/YUPIC,62
2006,ZAPOTEC_LANGS,8
2006,ZULU,136
2009,A'ANI_NIN/GROS_VENTRE,13
2009,AFRIKAANS,4
2009,AKAN,13
2009,AKKADIAN,128
2009,ALASKAN_LANGS,207
2009,ALBANIAN,1
2009,AMERICAN_SIGN_LANGUAGE_(ASL),92068
2009,AMHARIC,60
2009,ANISHINABE,36
2009,APACHE,47
2009,ARABIC,34876
2009,ARABIC_CLASSICAL,235
2009,ARABIC_IRAQI,61
2009,ARABIC_QUR'ANIC,21
2009,ARABIC_SUDANESE,3
2009,ARAMAIC,562
2009,ARAMAIC_MODERN,22
2009,ARAMAIC_RABBINIC/TALMUDIC/TARGUMIC,12
2009,ARAPAHOE,60
2009,ARIKARA,13
2009,ARMENIAN,747
2009,ARMENIAN_CLASSICAL,7
2009,ARMENIAN_EASTERN,84
2009,ARMENIAN_WESTERN,31
2009,ASSINIBOINE,23
2009,ASSYRO-BABYLONIAN,0
2009,AYMARA,1
2009,AZERBAIJANI,2
2009,AZERI,3
2009,BAMANA,28
2009,BAMBARA,0
2009,BASQUE,60
2009,BENGALI/BANGLA,98
2009,BLACKFEET,42
2009,BOSNIAN,55
2009,BOSNIAN/CROATIAN/SERBIAN,24
2009,BULGARIAN,12
2009,BURMESE,29
2009,CAMBODIAN,27
2009,CANTONESE,185
2009,CATALAN,110
2009,CELTIC_LANGS,49
2009,CHAMORRO,18
2009,CHEROKEE,348
2009,CHEYENNE,28
2009,CHEYENNE_NORTHERN,50
2009,CHICHEWA,3
2009,CHINESE,59870
2009,CHINESE_CLASSICAL,205
2009,CHINYANJA,11
2009,CHIPPEWA/CREE,12
2009,CHOCTAW,193
2009,COEUR_D'ALENE,4
2009,COMANCHE,12
2009,COPTIC,19
2009,CREE,64
2009,CREOLE_CAPE_VERDEAN,64
2009,CREOLE_HAITIAN,135
2009,CROATIAN,44
2009,CROW,94
2009,CZECH,406
2009,DAKOTA,227
2009,DAKOTA/LAKOTA,85
2009,DANISH,155
2009,DARI/AFGHAN_PERSIAN,46
2009,DINKA,3
2009,DUTCH,516
2009,EGYPTIAN,114
2009,EGYPTIAN_MIDDLE,16
2009,ESPERANTO,7
2009,ESTONIAN,2
2009,FARSI/PERSIAN,2559
2009,FILIPINO/PILIPINO/TAGALOG,1360
2009,FINNISH,116
2009,FRENCH,215170
2009,FULA,3
2009,GAELIC,8
2009,GAELIC_SCOTTISH,39
2009,GEORGIAN,15
2009,GERMAN,95600
2009,GERMAN_MIDDLE_HIGH,65
2009,GERMAN_THEOLOGICAL,7
2009,GIKUYU/KIKUYU,0
2009,GREEK,152
2009,GREEK_ANCIENT,20033
2009,GREEK_AND_LATIN,1306
2009,GREEK_BIBLICAL,375
2009,GREEK_KOINE,911
2009,GREEK_MODERN,1982
2009,GREEK_NEW_TESTAMENT,193
2009,GREEK_OLD_TESTAMENT,3
2009,GUJARATI,11
2009,HAUSA,34
2009,HAWAI'IAN,2006
2009,HEBREW,600
2009,HEBREW_BIBLICAL,13758
2009,HEBREW_CLASSICAL,6
2009,HEBREW_MODERN,8307
2009,HIDATSA,34
2009,HINDI,2173
2009,HINDI-URDU,631
2009,HITTITE,12
2009,HMONG,393
2009,HO-CHUNK,30
2009,HUNGARIAN,105
2009,ICELANDIC,7
2009,IGBO,22
2009,ILOCANO/ILOKANO,96
2009,INDONESIAN,296
2009,INUPIAQ,31
2009,IRANIAN_LANGS,158
2009,IRANIAN_LANGS_OLD,21
2009,IRISH,325
2009,IRISH_MODERN,76
2009,IRISH_OLD,7
2009,ITALIAN,80238
2009,JAPANESE,72319
2009,JAPANESE_CLASSICAL,22
2009,JAVANESE,1
2009,KANNADA,4
2009,KAZAKH/QAZAQ,4
2009,KHMER,60
2009,KIOWA,121
2009,KIRGIZ/KYRGYZ,1
2009,KOOTENAI,9
2009,KOREAN,8449
2009,KURDISH,18
2009,LADINO,3
2009,LAKOTA,601
2009,LATIN,32446
2009,LATIN_MEDIEVAL,144
2009,LATVIAN,7
2009,LINGALA,12
2009,LUGANDA,0
2009,LUISENO,16
2009,LUSHOOTSEED,10
2009,MALAY,1
2009,MALAYALAM,18
2009,MALISEET_WABANAKI,28
2009,MANCHU,0
2009,MANDAN,4
2009,MANDARIN,1736
2009,MANDINGO,0
2009,MAORI,42
2009,MARATHI,9
2009,MAYAN,26
2009,MENOMINEE,31
2009,MOHAWK,21
2009,MONGOLIAN,15
2009,MUSKOGEE/MASKOKE/CREEK,143
2009,NAHUATL_LANGS,21
2009,NAKONA,8
2009,NAMIBIAN_LANGS,9
2009,NAVAJO,914
2009,NEPALI,44
2009,NETHERLANDIC,0
2009,NEZ_PERCE,49
2009,NORSE,15
2009,NORWEGIAN,831
2009,OJIBWA/OJIBWAY/OJIBWE,700
2009,OMAHA,13
2009,ONEIDA,42
2009,OROMO,0
2009,PALI,2
2009,PASHTO,15
2009,PIMA,12
2009,POLISH,1251
2009,PORTUGUESE,11273
2009,PULAAR,0
2009,PUNJABI,465
2009,PUSHTU_AFGHAN,95
2009,QUECHUA/KICHWA_LANGS,104
2009,ROMANIAN/RUMANIAN,195
2009,RUSSIAN,26740
2009,SAHAPTIN_LANGS,11
2009,SALISH,46
2009,SAMOAN,281
2009,SANSKRIT,481
2009,SANSKRIT_VEDIC,16
2009,SCANDINAVIAN_LANGS,575
2009,SERBIAN,90
2009,SERBIAN/CROATIAN,12
2009,SERBO-CROATIAN,159
2009,SESOTHO,24
2009,SETSWANA,0
2009,SHONA,2
2009,SHOSHONI,20
2009,SINHALA/SINHALESE/SINGHALESE,4
2009,SLAVIC_CHURCH,10
2009,SLAVIC_LANGS,82
2009,SLAVIC_OLD_CHURCH,73
2009,SLOVAK,64
2009,SLOVENE/SLOVENIAN,26
2009,SOMALI,46
2009,SPANISH,860560
2009,SPANISH_PASTORAL,14
2009,SUMERIAN,21
2009,SWAHILI/KISWAHILI,2555
2009,SWEDISH,758
2009,SYRIAC,25
2009,TAHITIAN,18
2009,TAIWANESE,17
2009,TAJIK,4
2009,TAMIL,94
2009,TELUGU,47
2009,THAI,317
2009,TIBETAN,109
2009,TIBETAN_CLASSICAL,41
2009,TIGRINYA,4
2009,TOHONO_O'ODHAM,33
2009,TONGA,16
2009,TONGAN,35
2009,TSWANA,1
2009,TURKIC_LANGS,5
2009,TURKISH,648
2009,TURKISH_OTTOMAN,7
2009,TWI,25
2009,UGARITIC,18
2009,UKRAINIAN,74
2009,URDU,330
2009,UYGHUR,9
2009,UZBEK,27
2009,VIETNAMESE,2712
2009,WELSH,33
2009,WELSH_EARLY,8
2009,WOLOF,164
2009,XHOSA,17
2009,XWLEMI_(LUMMI),15
2009,YAQUI,12
2009,YIDDISH,331
2009,YORUBA,407
2009,ZAPOTEC_LANGS,8
2009,ZULU,107
2009,ZUNI,13
2013,AFRICAN_LANGS,4
2013,AFRIKAANS,4
2013,AKAN,41
2013,AKKADIAN,109
2013,AMERICAN_SIGN_LANGUAGE_(ASL),109546
2013,AMHARIC,18
2013,ANISHINABE,70
2013,APACHE,25
2013,ARABIAN_OLD_SOUTH,4
2013,ARABIC,32254
2013,ARABIC_CLASSICAL,98
2013,ARABIC_EGYPTIAN,158
2013,ARABIC_GULF,4
2013,ARABIC_IRAQI,159
2013,ARABIC_LEVANTINE,248
2013,ARABIC_MODERN_STANDARD,573
2013,ARABIC_MOROCCAN,0
2013,ARABIC_QUR'ANIC,0
2013,ARABIC_SUDANESE,4
2013,ARAMAIC,1097
2013,ARAMAIC_ANCIENT,3
2013,ARAMAIC_RABBINIC/TALMUDIC/TARGUMIC,9
2013,ARAPAHOE,24
2013,ARIKARA,12
2013,ARMENIAN,693
2013,ARMENIAN_CLASSICAL,5
2013,ARMENIAN_EASTERN,96
2013,ARMENIAN_MODERN,17
2013,ARMENIAN_WESTERN,20
2013,ASHANTI-TWI,22
2013,ASSINIBOINE,43
2013,ASSYRO-BABYLONIAN,0
2013,ATHABASKAN_LANGS,16
2013,AYMARA,0
2013,BAMANA,14
2013,BAMBARA,21
2013,BASQUE,123
2013,BENGALI/BANGLA,64
2013,BLACKFEET,65
2013,BOSNIAN/CROATIAN/SERBIAN,154
2013,BULGARIAN,16
2013,BURMESE,43
2013,CAMBODIAN,47
2013,CANTONESE,283
2013,CATALAN,87
2013,CEBUANO,9
2013,CHAMORRO,6
2013,CHEROKEE,433
2013,CHEYENNE,9
2013,CHEYENNE_NORTHERN,42
2013,CHICHEWA,1
2013,CHINESE,61078
2013,CHINESE_CLASSICAL,185
2013,CHINESE_PRE-MODERN,16
2013,CHINOOK_WA_WA,20
2013,CHIPPEWA/CREE,7
2013,CHOCTAW,214
2013,COEUR_D'ALENE,7
2013,COPTIC,23
2013,CREE,50
2013,CREOLE_AFRICAN,12
2013,CREOLE_CAPE_VERDEAN,41
2013,CREOLE_HAITIAN,179
2013,CREOLOID_LANGS,19
2013,CROATIAN,1
2013,CROW,81
2013,CZECH,209
2013,DAKOTA,102
2013,DAKOTA/LAKOTA,68
2013,DANISH,64
2013,DARI/AFGHAN_PERSIAN,13
2013,DUTCH,347
2013,EAST_ASIAN_LANGS,1
2013,EGYPTIAN,51
2013,EGYPTIAN_ANCIENT,19
2013,EGYPTIAN_LATE,3
2013,EGYPTIAN_MIDDLE,45
2013,ESKIMO,94
2013,ESTONIAN,4
2013,FARSI/PERSIAN,2700
2013,FAR_EASTERN_LANGS,10
2013,FIJIAN,9
2013,FILIPINO/PILIPINO/TAGALOG,1325
2013,FINNISH,383
2013,FRENCH,197588
2013,FRENCH_CAJUN,10
2013,FRENCH_OLD,12
2013,GAELIC,66
2013,GAELIC_SCOTTISH,3
2013,GALICIAN,8
2013,GEORGIAN,7
2013,GERMAN,86760
2013,GERMAN_MIDDLE_HIGH,13
2013,GERMAN_THEOLOGICAL,16
2013,GIKUYU/KIKUYU,1
2013,GREEK,33
2013,GREEK_ANCIENT,12848
2013,GREEK_AND_HEBREW,32
2013,GREEK_AND_LATIN,765
2013,GREEK_BIBLICAL,1224
2013,GREEK_KOINE,1825
2013,GREEK_MODERN,1137
2013,GREEK_NEW_TESTAMENT,1064
2013,GREEK_OLD_TESTAMENT,0
2013,GUARANI,6
2013,GUJARATI,6
2013,HAIDA,7
2013,HAUSA,5
2013,HAWAI'IAN,2419
2013,HEBREW,420
2013,HEBREW_BIBLICAL,12551
2013,HEBREW_BIBLICAL_AND_MODERN,155
2013,HEBREW_CLASSICAL,40
2013,HEBREW_MODERN,6698
2013,HEBREW_RABBINIC,5
2013,HIDATSA,34
2013,HINDI,1813
2013,HINDI-URDU,533
2013,HITTITE,10
2013,HMONG,542
2013,HO-CHUNK,15
2013,HUNGARIAN,124
2013,ICELANDIC,10
2013,ICELANDIC_OLD,9
2013,IGBO,33
2013,ILOCANO/ILOKANO,88
2013,INDONESIAN,289
2013,INDONESIAN_MALAY,83
2013,INDONESIA_BAHASA,12
2013,INGWAEONIC_LANGS,3
2013,INUKTITUT,2
2013,INUPIAQ,22
2013,IRANIAN_LANGS,13
2013,IRANIAN_LANGS_MIDDLE,3
2013,IRISH,213
2013,IRISH_MODERN,95
2013,IRISH_OLD_AND_MIDDLE,3
2013,ITALIAN,70899
2013,JAPANESE,66741
2013,JAPANESE_CLASSICAL,66
2013,KANNADA,5
2013,KAZAKH/QAZAQ,16
2013,KHMER,77
2013,KIKSHT,5
2013,KIOWA,77
2013,KOOTENAI,13
2013,KOREAN,12256
2013,KUMEYAAY,13
2013,KURDISH,10
2013,LADINO,4
2013,LAKOTA,573
2013,LATIN,27209
2013,LATIN_MEDIEVAL,12
2013,LATVIAN,4
2013,LINGALA,9
2013,LITHUANIAN,62
2013,LUGANDA,18
2013,LUSHOOTSEED,5
2013,MALAGASY,48
2013,MALAY,20
2013,MALAYALAM,44
2013,MALISEET_WABANAKI,30
2013,MANCHU,3
2013,MANDARIN,913
2013,MANINKA,1
2013,MAORI,23
2013,MARATHI,5
2013,MAYAN_KAQCHIKEL,11
2013,MAYAN_QUICHE,33
2013,MAYAN_YUCATEC,12
2013,MENOMINEE,30
2013,MONGOLIAN,16
2013,MUSKOGEE/MASKOKE/CREEK,149
2013,NAHUATL_LANGS,0
2013,NAKONA,7
2013,NATIVE_AMERICAN_LANGS,17
2013,NAVAJO,854
2013,NEAR_EASTERN_LANGS,6
2013,NEPALI,28
2013,NEZ_PERCE,30
2013,NORSE_OLD,53
2013,NORWEGIAN,734
2013,NORWEGIAN_MODERN,31
2013,NSELXCIN_(OKANOGAN_AND_NESPELEM),10
2013,OJIBWA/OJIBWAY/OJIBWE,443
2013,OMAHA,13
2013,ONEIDA,9
2013,OSAGE,6
2013,PALENQUERO,1
2013,PALI,3
2013,PASHTO,376
2013,PAWNEE,3
2013,PHOENICIAN,3
2013,PIMA,0
2013,PLAINS_INDIAN_SIGN_LANGUAGE,1
2013,POLISH,871
2013,PORTUGUESE,12407
2013,PULAAR,2
2013,PUNJABI,124
2013,QUECHUA/KICHWA_LANGS,94
2013,ROMANCE_LANGS,25
2013,ROMANIAN/RUMANIAN,211
2013,RUSSIAN,21979
2013,SAHAPTIN_LANGS,12
2013,SALISH,38
2013,SAMOAN,264
2013,SANSKRIT,347
2013,SANSKRIT_VEDIC,65
2013,SCANDINAVIAN_LANGS,89
2013,SEMITIC_LANGS,1
2013,SEMITIC_LANGS_ANCIENT,1
2013,SERBIAN/CROATIAN,47
2013,SERBO-CROATIAN,61
2013,SESOTHO,0
2013,SETSWANA,4
2013,SIGN_LANGUAGE,84
2013,SINHALA/SINHALESE/SINGHALESE,0
2013,SLAVIC_CHURCH,4
2013,SLAVIC_LANGS,35
2013,SLAVIC_OLD_CHURCH,6
2013,SLAVONIC_OLD_CHURCH,14
2013,SLOVAK,25
2013,SLOVENE/SLOVENIAN,31
2013,SOMALI,81
2013,SPANISH,789343
2013,SPANISH_PASTORAL,19
2013,SUMERIAN,28
2013,SWAHILI/KISWAHILI,2259
2013,SWEDISH,732
2013,SYRIAC,21
2013,TAHITIAN,12
2013,TAIWANESE,17
2013,TAJIK,1
2013,TAMIL,82
2013,TELUGU,51
2013,THAI,292
2013,TIBETAN,180
2013,TIBETAN_CLASSICAL,28
2013,TLINGIT,89
2013,TOCHARIAN_LANGS,6
2013,TOHONO_O'ODHAM,15
2013,TONGAN,59
2013,TURKIC_OLD,4
2013,TURKISH,730
2013,TURKISH_OTTOMAN,12
2013,TWI,110
2013,UGARITIC,3
2013,UKRAINIAN,59
2013,URDU,351
2013,UYGHUR,10
2013,UZBEK,27
2013,VEDIC,4
2013,VIETNAMESE,2097
2013,WELSH,78
2013,WELSH_MIDDLE,2
2013,WOLOF,74
2013,XHOSA,23
2013,YIDDISH,251
2013,YORUBA,230
2013,YUP'IK/YUPIC,41
2013,YUROK,23
2013,ZULU,90
2013,ZUNI,44
2016,A'ANI_NIN/GROS_VENTRE,15
2016,AFRIKAANS,26
2016,AHTENA/AHTNA,16
2016,AKAN,21
2016,AKKADIAN,119
2016,ALBANIAN,10
2016,ALGONQUIN/ANISHINAABEMOWIN,9
2016,ALUTIIQ,31
2016,AMERICAN_SIGN_LANGUAGE_(ASL),107047
2016,AMHARIC,58
2016,ANGLO-SAXON,19
2016,ANISHINABE,94
2016,APACHE,9
2016,ARABIC,30274
2016,ARABIC_ALGERIAN,0
2016,ARABIC_CLASSICAL,11
2016,ARABIC_EGYPTIAN,188
2016,ARABIC_GULF,0
2016,ARABIC_IRAQI,25
2016,ARABIC_LEVANTINE,154
2016,ARABIC_MODERN_STANDARD,869
2016,ARABIC_MOROCCAN,1
2016,ARABIC_QUR'ANIC,2
2016,ARABIC_SUDANESE,8
2016,ARAMAIC,2592
2016,ARAMAIC_ANCIENT,453
2016,ARAMAIC_BIBLICAL,5
2016,ARAMAIC_RABBINIC/TALMUDIC/TARGUMIC,124
2016,ARAPAHOE,30
2016,ARIKARA,0
2016,ARMENIAN,1134
2016,ARMENIAN_CLASSICAL,1
2016,ARMENIAN_EASTERN,51
2016,ARMENIAN_MODERN,43
2016,ARMENIAN_WESTERN,26
2016,ATHABASKAN_LANGS,20
2016,AYMARA,0
2016,AZERBAIJANI,0
2016,BAMANA,40
2016,BASQUE,94
2016,BENGALI,113
2016,BLACKFEET,56
2016,BOSNIAN/CROATIAN/SERBIAN,159
2016,BULGARIAN,16
2016,BURMESE,320
2016,CAMBODIAN,19
2016,CANTONESE,267
2016,CATALAN,124
2016,CEBUANO,16
2016,CHAMORRO,10
2016,CHECHEN,8
2016,CHEROKEE,441
2016,CHEYENNE_NORTHERN,42
2016,CHICHEWA,4
2016,CHICKASAW,8
2016,CHINESE,53064
2016,CHINESE_CLASSICAL,298
2016,CHINESE_PRE-MODERN,6
2016,CHIPPEWA/CREE,12
2016,CHOCTAW,184
2016,COEUR_D'ALENE,0
2016,COMANCHE,26
2016,COPTIC,16
2016,CREE,47
2016,CREOLE_AFRICAN,8
2016,CREOLE_CAPE_VERDEAN,37
2016,CREOLE_HAITIAN,188
2016,CREOLE_JAMAICAN/PATOIS,17
2016,CREOLE_LANGS,9
2016,CREOLOID_LANGS,0
2016,CROW,116
2016,CZECH,236
2016,CZECH/SLOVAK,16
2016,DAKOTA,184
2016,DAKOTA/LAKOTA,28
2016,DANISH,111
2016,DARI/AFGHAN_PERSIAN,0
2016,DENA'INA/TANAINA,20
2016,DUTCH,264
2016,EGYPTIAN,80
2016,EGYPTIAN_ANCIENT,36
2016,EGYPTIAN_MIDDLE,6
2016,ESPERANTO,0
2016,ESTONIAN,10
2016,FARSI/PERSIAN,2330
2016,FIJIAN,3
2016,FILIPINO/PILIPINO/TAGALOG,1308
2016,FINNISH,250
2016,FRENCH,175563
2016,FRENCH_CAJUN,0
2016,FRENCH_OLD,32
2016,GAELIC,58
2016,GAELIC_SCOTTISH,7
2016,GEORGIAN,6
2016,GERMAN,80570
2016,GERMAN_MIDDLE_HIGH,9
2016,GERMAN_OLD_LOW/SAXON_OLD,9
2016,GERMAN_PENNSYLVANIA,19
2016,GERMAN_THEOLOGICAL,9
2016,GIKUYU/KIKUYU,2
2016,GREEK,0
2016,GREEK_ANCIENT,10684
2016,GREEK_AND_HEBREW,50
2016,GREEK_AND_LATIN,4
2016,GREEK_BIBLICAL,1502
2016,GREEK_KOINE,700
2016,GREEK_MODERN,785
2016,GREEK_NEW_TESTAMENT,378
2016,GUARANI,7
2016,GUJARATI,5
2016,HAIDA,15
2016,HAUSA,3
2016,HAWAI'IAN,1740
2016,HEBREW,102
2016,HEBREW_BIBLICAL,9404
2016,HEBREW_BIBLICAL_AND_MODERN,473
2016,HEBREW_MODERN,5521
2016,HEBREW_RABBINIC,183
2016,HIDATSA,33
2016,HINDI,1426
2016,HINDI-URDU,698
2016,HITTITE,8
2016,HMONG,408
2016,HO-CHUNK,10
2016,HUNGARIAN,106
2016,ICELANDIC,10
2016,IGBO,29
2016,ILOCANO/ILOKANO,67
2016,INDONESIAN,375
2016,INDONESIAN_MALAY,16
2016,INDONESIA_BAHASA,9
2016,INUKTITUT,8
2016,INUPIAQ,75
2016,IRANIAN_LANGS_MIDDLE,4
2016,IRISH,240
2016,IRISH_MODERN,81
2016,IRISH_OLD,0
2016,ITALIAN,56645
2016,JAPANESE,68778
2016,JAPANESE_CLASSICAL,52
2016,JAVANESE,0
2016,KANNADA,2
2016,KAZAKH/QAZAQ,6
2016,KHMER,169
2016,KI-KONGO,1
2016,KIKSHT,2
2016,KINYARWANDA,4
2016,KIOWA,168
2016,KIRGIZ/KYRGYZ,1
2016,KOOTENAI,5
2016,KOREAN,13936
2016,KURDISH,4
2016,LAKOTA,376
2016,LAOTIAN,7
2016,LATIN,24866
2016,LATIN_MEDIEVAL,17
2016,LATVIAN,9
2016,LINGALA,15
2016,LITHUANIAN,7
2016,LUISENO,18
2016,LUSHOOTSEED,0
2016,LUSOGA/SOGA,1
2016,LUWIAN,5
2016,MACEDONIAN,0
2016,MALAGASY,88
2016,MALAY,6
2016,MALAYALAM,37
2016,MALISEET_WABANAKI,5
2016,MANCHU,2
2016,MANDAN,3
2016,MANDARIN,1179
2016,MAORI,33
2016,MARATHI,13
2016,MAYAN,1
2016,MAYAN_QUICHE,18
2016,MAYAN_YUCATEC,3
2016,MENOMINEE,0
2016,MISKITO/MISKITU,0
2016,MIXTECAN_LANGS,5
2016,MOHAWK,15
2016,MONGOLIAN,18
2016,MUSKOGEE/MASKOKE/CREEK,116
2016,NAHUATL_LANGS,30
2016,NAKODA,25
2016,NAKONA,12
2016,NAVAJO,834
2016,NEAR_EASTERN_LANGS,6
2016,NEPALI,16
2016,NEZ_PERCE,26
2016,NORSE_OLD,13
2016,NORWEGIAN,672
2016,NORWEGIAN_MODERN,0
2016,NSELXCIN_(OKANOGAN_AND_NESPELEM),8
2016,OJIBWA/OJIBWAY/OJIBWE,503
2016,OKINAWAN,28
2016,OMAHA,8
2016,ONEIDA,0
2016,OSAGE,0
2016,PALI,6
2016,PASHTO,6
2016,PAWNEE,0
2016,PIMA,0
2016,POLISH,731
2016,PORTUGUESE,9827
2016,POTAWATOMI,5
2016,PRAKRIT_LANGS,7
2016,PULAAR,5
2016,PUNJABI,124
2016,PUSHTU_AFGHAN,58
2016,QUECHUA/KICHWA_LANGS,191
2016,ROMANCE_LANGS,31
2016,ROMANIAN/RUMANIAN,252
2016,RUSSIAN,20353
2016,SAHAPTIN_LANGS,10
2016,SALISH,50
2016,SAMOAN,264
2016,SANSKRIT,332
2016,SANSKRIT_VEDIC,49
2016,SCANDINAVIAN_LANGS,307
2016,SERBIAN/CROATIAN,39
2016,SERBO-CROATIAN,18
2016,SETSWANA,1
2016,SHOSHONI,9
2016,SIGN_LANGUAGE,339
2016,SINHALA/SINHALESE/SINGHALESE,20
2016,SLAVIC_LANGS,268
2016,SLAVIC_OLD_CHURCH,5
2016,SLAVONIC_OLD_CHURCH,11
2016,SLOVAK,32
2016,SLOVENE/SLOVENIAN,26
2016,SOMALI,131
2016,SOUTHEAST_ASIAN_LANGS,5
2016,SPANISH,711647
2016,SPANISH_PASTORAL,26
2016,SUMERIAN,21
2016,SWAHILI/KISWAHILI,1842
2016,SWEDISH,656
2016,SYRIAC,20
2016,TAHITIAN,5
2016,TAIWANESE,9
2016,TAJIK,1
2016,TAMIL,104
2016,TATI,1
2016,TELUGU,23
2016,THAI,321
2016,TIBETAN,127
2016,TIBETAN_CLASSICAL,15
2016,TIGRINYA,2
2016,TLINGIT,51
2016,TOHONO_O'ODHAM,63
2016,TOLOWA,0
2016,TONGAN,78
2016,TSIMSHIAN,5
2016,TURKIC_ANCIENT,7
2016,TURKISH,628
2016,TURKISH_MIDDLE,10
2016,TURKISH_OTTOMAN,27
2016,TWI,74
2016,UGARITIC,12
2016,UKRAINIAN,82
2016,URDU,315
2016,UYGHUR,9
2016,UZBEK,10
2016,VEDIC,0
2016,VIETNAMESE,1922
2016,WELSH,48
2016,WOLOF,48
2016,XHOSA,1
2016,YIDDISH,405
2016,YORUBA,300
2016,YUP'IK/YUPIC,92
2016,ZULU,119